,Product,Instant_Liking,q4_12_heavy,Q13_Liking_after_30_minutes,q4_17_natural,q14_Deodorant_overall_on_a_scale_from_1_to_10,q4_14_long_lasting,type
0,Deodorant F,0,1,7,3,8,4,1
1,Deodorant F,0,3,6,4,10,5,1
2,Deodorant F,1,5,5,5,7,3,1
3,Deodorant F,0,4,3,3,6,4,1
4,Deodorant F,1,4,6,4,10,4,1
5,Deodorant F,0,1,6,3,2,4,1
6,Deodorant F,1,3,4,1,7,4,1
7,Deodorant F,0,1,5,3,3,5,1
8,Deodorant F,1,4,3,2,5,4,1
9,Deodorant F,1,5,6,5,7,5,1
10,Deodorant F,0,4,4,3,5,4,1
11,Deodorant F,0,4,5,4,8,3,1
12,Deodorant F,0,3,7,5,8,4,1
13,Deodorant F,1,5,6,4,5,5,1
14,Deodorant F,0,5,5,2,6,5,1
15,Deodorant F,0,1,3,1,2,1,1
16,Deodorant F,1,1,6,4,6,2,1
17,Deodorant F,0,1,7,4,5,5,1
18,Deodorant F,0,1,5,1,3,3,1
19,Deodorant F,1,1,6,4,6,4,1
20,Deodorant F,1,3,4,3,8,5,1
21,Deodorant F,1,1,2,4,5,5,1
22,Deodorant F,1,5,7,5,4,4,1
23,Deodorant F,1,4,1,5,8,5,1
24,Deodorant F,1,5,5,4,9,5,1
25,Deodorant F,1,1,6,5,8,4,1
26,Deodorant F,0,1,6,5,8,1,1
27,Deodorant F,0,2,5,5,5,4,1
28,Deodorant F,1,5,4,4,10,4,1
29,Deodorant F,1,5,1,4,8,4,1
30,Deodorant F,0,2,7,3,8,5,1
31,Deodorant F,0,4,7,2,8,4,1
32,Deodorant F,0,1,5,4,3,4,1
33,Deodorant F,0,3,1,5,8,4,1
34,Deodorant F,0,1,5,3,9,5,1
35,Deodorant F,0,5,7,4,5,5,1
36,Deodorant F,0,3,6,3,1,5,1
37,Deodorant F,1,1,3,3,3,4,1
38,Deodorant F,0,5,5,5,5,3,1
39,Deodorant F,0,2,6,4,10,4,1
40,Deodorant F,1,2,5,4,8,5,1
41,Deodorant F,0,1,4,2,7,2,1
42,Deodorant F,0,3,5,5,2,5,1
43,Deodorant F,1,5,6,4,9,5,1
44,Deodorant F,1,2,7,3,1,4,1
45,Deodorant F,0,4,6,1,7,5,1
46,Deodorant F,0,1,6,2,1,5,1
47,Deodorant F,0,1,4,1,8,4,1
48,Deodorant F,0,4,6,4,1,5,1
49,Deodorant F,0,4,5,4,5,3,1
50,Deodorant F,0,2,1,2,10,4,1
51,Deodorant F,0,1,6,5,9,4,1
52,Deodorant F,0,3,1,4,1,2,1
53,Deodorant F,1,2,7,2,9,5,1
54,Deodorant F,0,5,7,5,9,5,1
55,Deodorant F,1,1,6,4,6,5,1
56,Deodorant F,0,3,1,5,8,5,1
57,Deodorant F,0,3,3,1,8,4,1
58,Deodorant F,0,2,3,2,5,4,1
59,Deodorant F,0,1,5,1,3,1,1
60,Deodorant F,1,2,5,5,5,4,1
61,Deodorant F,0,1,3,4,9,5,1
62,Deodorant F,0,1,6,5,8,3,1
63,Deodorant F,0,3,5,2,9,1,1
64,Deodorant F,1,5,4,5,8,5,1
65,Deodorant F,0,5,6,4,5,3,1
66,Deodorant F,0,1,7,3,6,5,1
67,Deodorant F,1,1,7,5,7,4,1
68,Deodorant F,0,4,3,2,8,4,1
69,Deodorant F,0,4,3,3,1,5,1
70,Deodorant F,0,2,4,2,7,5,1
71,Deodorant F,0,1,5,1,8,4,1
72,Deodorant F,1,2,6,5,5,3,1
73,Deodorant F,0,2,3,3,10,4,1
74,Deodorant F,0,3,6,4,10,2,1
75,Deodorant F,1,3,5,5,4,4,1
76,Deodorant F,0,1,4,4,9,2,1
77,Deodorant F,1,2,1,1,7,5,1
78,Deodorant F,0,5,7,1,8,4,1
79,Deodorant F,0,1,5,5,7,5,1
80,Deodorant F,0,5,1,3,3,5,1
81,Deodorant F,0,5,7,1,10,5,1
82,Deodorant F,0,2,6,5,6,4,1
83,Deodorant F,0,2,5,5,7,5,1
84,Deodorant F,0,5,7,2,1,4,1
85,Deodorant F,0,4,4,3,10,4,1
86,Deodorant F,0,5,7,3,7,5,1
87,Deodorant F,0,3,1,2,8,5,1
88,Deodorant F,1,2,6,4,10,2,1
89,Deodorant F,1,1,6,4,8,4,1
90,Deodorant F,1,2,6,5,9,5,1
91,Deodorant F,0,3,6,4,9,5,1
92,Deodorant F,0,4,5,2,6,2,1
93,Deodorant F,0,1,7,3,9,5,1
94,Deodorant F,0,4,6,4,1,4,1
95,Deodorant F,0,3,2,1,7,5,1
96,Deodorant F,0,4,6,3,3,5,1
97,Deodorant F,0,5,7,5,7,4,1
98,Deodorant F,1,1,5,4,1,5,1
99,Deodorant F,1,1,7,3,6,2,1
100,Deodorant F,0,5,6,4,4,5,1
101,Deodorant F,0,2,2,2,3,5,1
102,Deodorant F,1,3,6,1,9,4,1
103,Deodorant F,0,1,4,5,8,4,1
104,Deodorant F,0,1,5,1,7,5,1
105,Deodorant F,0,3,5,5,2,5,1
106,Deodorant F,1,3,7,5,7,4,1
107,Deodorant F,0,3,5,5,4,1,1
108,Deodorant F,0,4,5,1,6,5,1
109,Deodorant F,0,5,7,5,9,2,1
110,Deodorant F,0,1,7,5,4,4,1
111,Deodorant F,1,3,7,4,7,3,1
112,Deodorant F,1,5,7,4,6,4,1
113,Deodorant F,0,1,5,5,4,5,1
114,Deodorant F,0,3,4,4,7,5,1
115,Deodorant F,0,3,1,4,3,4,1
116,Deodorant F,0,5,7,5,2,4,1
117,Deodorant F,0,4,1,5,10,1,1
118,Deodorant F,0,2,6,4,10,2,1
119,Deodorant F,0,1,2,4,7,5,1
120,Deodorant F,1,1,4,5,7,1,1
121,Deodorant F,0,5,6,3,7,1,1
122,Deodorant F,0,1,5,5,5,4,1
123,Deodorant F,0,4,5,3,9,5,1
124,Deodorant F,0,2,3,4,6,3,1
125,Deodorant F,0,4,5,3,3,5,1
126,Deodorant F,1,1,7,3,8,5,1
127,Deodorant F,1,5,5,2,8,5,1
128,Deodorant F,0,2,6,5,10,5,1
129,Deodorant F,0,3,4,2,3,3,1
130,Deodorant F,0,3,2,2,5,3,1
131,Deodorant F,0,1,6,3,8,5,1
132,Deodorant F,0,5,7,3,9,4,1
133,Deodorant F,1,4,6,4,7,4,1
134,Deodorant F,0,1,4,2,6,4,1
135,Deodorant F,0,2,5,4,2,3,1
136,Deodorant F,1,3,5,5,10,5,1
137,Deodorant F,0,5,7,1,8,5,1
138,Deodorant F,0,5,5,2,3,4,1
139,Deodorant F,0,4,5,4,8,5,1
140,Deodorant F,0,1,5,2,7,4,1
141,Deodorant F,0,2,1,5,10,5,1
142,Deodorant F,0,3,7,5,4,4,1
143,Deodorant F,0,3,6,5,5,2,1
144,Deodorant F,0,1,5,5,8,4,1
145,Deodorant F,0,2,7,3,8,5,1
146,Deodorant F,0,2,1,3,5,5,1
147,Deodorant F,1,5,6,4,9,5,1
148,Deodorant F,0,1,3,5,6,2,1
149,Deodorant F,0,3,6,5,9,4,1
150,Deodorant F,0,1,4,3,5,2,1
151,Deodorant F,1,5,1,4,4,5,1
152,Deodorant F,0,5,7,5,6,4,1
153,Deodorant F,0,2,6,1,7,1,1
154,Deodorant F,0,5,6,3,6,3,1
155,Deodorant F,1,2,4,4,10,4,1
156,Deodorant F,0,5,7,3,8,4,1
157,Deodorant F,0,1,5,4,8,5,1
158,Deodorant F,0,2,6,1,10,3,1
159,Deodorant F,1,5,7,5,10,3,1
160,Deodorant F,1,1,5,4,5,5,1
161,Deodorant F,0,2,6,4,8,3,1
162,Deodorant F,0,4,5,2,10,5,1
163,Deodorant F,1,3,6,5,3,5,1
164,Deodorant F,1,1,5,3,6,3,1
165,Deodorant F,1,4,7,3,2,4,1
166,Deodorant F,0,2,1,2,8,5,1
167,Deodorant F,0,2,5,5,9,3,1
168,Deodorant F,0,5,6,4,3,5,1
169,Deodorant F,0,2,5,4,8,4,1
170,Deodorant F,0,1,6,3,10,5,1
171,Deodorant F,1,4,7,4,9,5,1
172,Deodorant F,0,2,3,1,9,5,1
173,Deodorant F,0,4,3,4,9,5,1
174,Deodorant F,0,2,5,2,9,3,1
175,Deodorant F,1,1,5,3,7,3,1
176,Deodorant F,0,2,5,3,3,5,1
177,Deodorant F,0,2,6,1,7,5,1
178,Deodorant F,0,5,1,2,8,4,1
179,Deodorant F,0,1,5,4,1,4,1
180,Deodorant F,0,2,7,3,9,5,1
181,Deodorant F,0,4,7,4,10,4,1
182,Deodorant F,1,1,7,2,7,1,1
183,Deodorant F,0,1,5,4,7,5,1
184,Deodorant F,1,5,5,4,7,4,1
185,Deodorant F,1,2,7,1,9,4,1
186,Deodorant F,0,4,6,5,9,3,1
187,Deodorant F,0,3,7,1,9,5,1
188,Deodorant F,0,3,2,5,7,5,1
189,Deodorant F,0,3,6,3,1,5,1
190,Deodorant F,0,1,3,5,8,3,1
191,Deodorant F,0,2,7,5,6,3,1
192,Deodorant F,0,5,1,2,10,4,1
193,Deodorant F,0,3,6,4,8,5,1
194,Deodorant F,0,2,1,4,1,5,1
195,Deodorant F,0,1,3,3,8,5,1
196,Deodorant F,0,2,7,2,7,3,1
197,Deodorant F,1,3,7,3,9,2,1
198,Deodorant F,0,3,2,5,10,5,1
199,Deodorant F,0,2,6,5,10,1,1
200,Deodorant F,0,2,6,1,10,5,1
201,Deodorant F,1,3,6,2,10,3,1
202,Deodorant F,0,3,7,2,8,4,1
203,Deodorant F,0,5,6,3,10,1,1
204,Deodorant F,0,2,6,4,9,5,1
205,Deodorant F,1,2,5,4,5,2,1
206,Deodorant F,0,1,7,3,1,5,1
207,Deodorant F,1,3,5,4,4,4,1
208,Deodorant F,0,1,6,3,7,3,1
209,Deodorant F,0,2,5,5,6,4,1
210,Deodorant F,1,1,3,4,3,5,1
211,Deodorant F,0,4,5,1,9,4,1
212,Deodorant F,1,2,5,5,9,4,1
213,Deodorant F,1,3,1,4,7,1,1
214,Deodorant F,0,4,1,3,7,3,1
215,Deodorant F,0,1,2,3,10,5,1
216,Deodorant F,0,2,5,2,2,5,1
217,Deodorant F,0,4,7,5,8,4,1
218,Deodorant F,0,4,3,2,10,1,1
219,Deodorant F,1,2,2,3,7,5,1
220,Deodorant F,0,4,6,2,9,5,1
221,Deodorant F,0,2,5,4,1,5,1
222,Deodorant F,1,1,7,2,7,5,1
223,Deodorant F,0,2,5,3,7,5,1
224,Deodorant F,0,3,6,4,6,3,1
225,Deodorant F,0,1,6,3,7,5,1
226,Deodorant F,0,2,5,4,6,5,1
227,Deodorant F,0,2,6,5,5,3,1
228,Deodorant F,0,1,3,3,7,3,1
229,Deodorant F,0,4,6,2,4,5,1
230,Deodorant F,0,5,7,1,2,4,1
231,Deodorant F,1,2,7,4,1,5,1
232,Deodorant F,0,2,5,3,8,5,1
233,Deodorant F,0,4,7,5,7,3,1
234,Deodorant F,0,4,6,4,7,4,1
235,Deodorant F,0,4,6,3,7,5,1
236,Deodorant F,0,1,7,3,3,1,1
237,Deodorant F,1,5,6,2,6,5,1
238,Deodorant F,0,4,4,4,5,4,1
239,Deodorant F,0,3,7,4,7,5,1
240,Deodorant F,1,3,2,5,7,5,1
241,Deodorant F,0,4,5,4,8,4,1
242,Deodorant F,0,5,7,3,10,5,1
243,Deodorant F,0,4,5,2,9,4,1
244,Deodorant F,1,3,4,4,7,3,1
245,Deodorant F,0,5,1,5,6,4,1
246,Deodorant F,0,3,7,3,7,4,1
247,Deodorant F,0,4,6,4,8,4,1
248,Deodorant F,0,2,7,4,1,5,1
249,Deodorant F,0,3,5,1,10,1,1
250,Deodorant F,0,2,3,4,7,5,1
251,Deodorant F,0,5,4,5,10,3,1
252,Deodorant F,1,1,4,3,2,4,1
253,Deodorant F,0,4,6,2,7,3,1
254,Deodorant F,0,5,6,3,4,5,1
255,Deodorant F,0,5,7,4,9,5,1
256,Deodorant F,0,2,1,4,7,1,1
257,Deodorant F,0,5,5,3,7,1,1
258,Deodorant F,1,3,4,1,5,5,1
259,Deodorant F,0,3,7,3,8,4,1
260,Deodorant F,1,1,4,3,6,3,1
261,Deodorant F,0,1,7,3,5,5,1
262,Deodorant F,1,3,6,4,10,5,1
263,Deodorant F,0,2,5,4,5,4,1
264,Deodorant F,1,1,5,4,8,5,1
265,Deodorant F,0,1,5,3,9,5,1
266,Deodorant F,1,3,7,2,8,5,1
267,Deodorant F,0,4,6,1,7,3,1
268,Deodorant F,0,1,6,2,10,4,1
269,Deodorant F,1,3,7,1,8,3,1
270,Deodorant F,0,1,6,1,8,4,1
271,Deodorant F,1,5,5,4,5,4,1
272,Deodorant F,0,4,3,5,8,3,1
273,Deodorant F,0,3,3,4,7,4,1
274,Deodorant F,0,3,6,5,5,3,1
275,Deodorant F,0,2,5,5,8,5,1
276,Deodorant F,0,2,6,5,6,5,1
277,Deodorant F,0,3,5,5,7,5,1
278,Deodorant F,0,5,5,4,7,5,1
279,Deodorant F,0,3,6,4,8,5,1
280,Deodorant F,1,1,5,4,8,4,1
281,Deodorant F,1,5,5,1,8,4,1
282,Deodorant F,0,1,7,3,2,5,1
283,Deodorant F,1,5,4,3,8,4,1
284,Deodorant F,0,2,6,2,1,5,1
285,Deodorant F,0,2,5,4,8,5,1
286,Deodorant F,0,3,6,5,8,5,1
287,Deodorant F,0,1,1,3,10,5,1
288,Deodorant F,1,5,5,2,7,5,1
289,Deodorant F,1,4,2,3,8,5,1
290,Deodorant F,0,5,7,5,7,3,1
291,Deodorant F,0,4,7,3,10,5,1
292,Deodorant F,1,4,2,4,8,4,1
293,Deodorant F,0,2,5,5,10,3,1
294,Deodorant F,0,5,1,5,6,4,1
295,Deodorant F,0,4,2,5,5,5,1
296,Deodorant F,0,1,4,5,7,5,1
297,Deodorant F,0,3,6,4,5,4,1
298,Deodorant F,0,3,5,3,10,5,1
299,Deodorant F,0,2,4,3,2,1,1
300,Deodorant F,0,4,5,5,8,5,1
301,Deodorant F,0,5,7,4,9,4,1
302,Deodorant F,0,4,5,2,7,3,1
303,Deodorant F,1,4,6,4,1,3,1
304,Deodorant F,0,3,4,3,7,4,1
305,Deodorant F,1,5,5,3,10,5,1
306,Deodorant F,0,4,3,5,6,3,1
307,Deodorant F,0,3,6,3,10,5,1
308,Deodorant F,0,3,6,4,8,5,1
309,Deodorant F,0,2,5,3,7,3,1
310,Deodorant F,0,5,6,4,9,2,1
311,Deodorant F,1,1,4,3,7,5,1
312,Deodorant F,0,2,6,3,7,5,1
313,Deodorant F,1,2,6,3,7,4,1
314,Deodorant F,0,1,6,4,2,4,1
315,Deodorant F,0,5,5,5,9,4,1
316,Deodorant F,0,1,6,4,2,5,1
317,Deodorant F,0,4,1,5,2,4,1
318,Deodorant F,0,2,2,5,7,5,1
319,Deodorant F,0,3,4,5,5,4,1
320,Deodorant F,1,2,3,2,1,5,1
321,Deodorant F,1,1,4,5,5,4,1
322,Deodorant F,0,1,5,5,7,5,1
323,Deodorant F,1,3,7,3,2,5,1
324,Deodorant F,0,5,6,4,8,3,1
325,Deodorant F,1,1,2,5,7,5,1
326,Deodorant F,0,1,1,3,5,5,1
327,Deodorant F,0,5,5,5,2,1,1
328,Deodorant F,0,1,7,4,10,5,1
329,Deodorant F,0,4,6,2,2,4,1
330,Deodorant F,1,4,7,3,9,5,1
331,Deodorant F,0,1,5,3,6,1,1
332,Deodorant F,0,5,5,3,2,4,1
333,Deodorant F,1,1,5,3,5,5,1
334,Deodorant F,1,5,5,4,9,5,1
335,Deodorant F,0,1,6,5,8,4,1
336,Deodorant F,0,4,7,1,4,3,1
337,Deodorant F,0,3,6,4,1,3,1
338,Deodorant F,1,5,7,4,5,3,1
339,Deodorant F,1,1,2,5,10,4,1
340,Deodorant F,1,4,6,5,5,2,1
341,Deodorant F,0,4,7,2,10,4,1
342,Deodorant F,0,1,6,5,8,4,1
343,Deodorant F,0,4,7,5,8,3,1
344,Deodorant F,1,3,6,5,4,3,1
345,Deodorant F,0,5,5,2,7,4,1
346,Deodorant F,0,1,6,5,8,5,1
347,Deodorant F,1,4,3,4,8,5,1
348,Deodorant F,0,2,7,4,1,4,1
349,Deodorant F,0,5,5,3,7,5,1
350,Deodorant F,0,4,7,3,8,3,1
351,Deodorant F,0,2,6,3,7,4,1
352,Deodorant F,1,5,6,2,8,5,1
353,Deodorant F,1,1,3,2,10,4,1
354,Deodorant F,1,1,1,3,3,4,1
355,Deodorant F,0,5,7,4,9,3,1
356,Deodorant F,0,5,4,2,2,1,1
357,Deodorant F,0,5,6,4,2,5,1
358,Deodorant F,0,1,6,4,8,4,1
359,Deodorant F,0,2,5,4,9,3,1
360,Deodorant F,0,2,7,3,7,1,1
361,Deodorant F,0,2,2,2,9,5,1
362,Deodorant F,1,5,5,3,4,3,1
363,Deodorant F,0,1,7,3,7,3,1
364,Deodorant F,0,4,5,3,7,4,1
365,Deodorant F,0,2,5,4,8,3,1
366,Deodorant F,0,1,6,1,8,4,1
367,Deodorant F,0,2,7,2,1,4,1
368,Deodorant F,0,4,6,3,7,3,1
369,Deodorant F,0,3,6,5,10,5,1
370,Deodorant F,1,5,2,5,8,5,1
371,Deodorant F,0,1,6,5,8,5,1
372,Deodorant F,1,1,7,4,10,5,1
373,Deodorant F,1,5,4,2,7,4,1
374,Deodorant F,0,5,7,5,3,4,1
375,Deodorant F,0,4,4,1,3,5,1
376,Deodorant F,0,2,3,4,9,3,1
377,Deodorant F,0,2,7,3,8,5,1
378,Deodorant F,0,4,7,3,7,2,1
379,Deodorant F,0,3,6,5,2,5,1
380,Deodorant F,0,1,5,2,7,5,1
381,Deodorant F,0,5,7,3,9,2,1
382,Deodorant F,1,3,2,2,8,4,1
383,Deodorant F,1,2,7,4,8,4,1
384,Deodorant F,0,1,3,5,7,4,1
385,Deodorant F,0,3,3,4,3,5,1
386,Deodorant F,0,1,7,5,8,5,1
387,Deodorant F,0,5,5,2,10,5,1
388,Deodorant F,0,1,7,4,9,4,1
389,Deodorant F,0,5,1,3,5,3,1
390,Deodorant F,0,2,1,1,6,1,1
391,Deodorant F,1,4,4,5,9,3,1
392,Deodorant F,0,5,5,4,7,5,1
393,Deodorant F,0,2,7,3,7,4,1
394,Deodorant F,0,5,5,3,7,3,1
395,Deodorant F,0,3,4,3,1,4,1
396,Deodorant F,0,1,3,1,8,4,1
397,Deodorant F,0,2,6,5,10,1,1
398,Deodorant F,0,2,5,4,8,3,1
399,Deodorant F,0,2,4,5,4,5,1
400,Deodorant F,0,1,1,5,6,4,1
401,Deodorant F,0,5,6,2,3,5,1
402,Deodorant F,0,1,5,2,9,4,1
403,Deodorant F,0,5,6,4,3,5,1
404,Deodorant F,0,1,1,4,8,4,1
405,Deodorant F,0,2,6,5,7,5,1
406,Deodorant F,1,1,4,4,7,1,1
407,Deodorant F,0,5,5,2,10,5,1
408,Deodorant F,1,3,2,2,7,4,1
409,Deodorant F,0,5,5,5,7,5,1
410,Deodorant F,0,4,2,4,7,4,1
411,Deodorant F,0,2,7,1,4,1,1
412,Deodorant F,0,3,6,5,1,4,1
413,Deodorant F,0,1,1,1,8,5,1
414,Deodorant F,0,3,1,5,7,4,1
415,Deodorant F,1,2,5,4,5,5,1
416,Deodorant F,0,1,5,3,3,5,1
417,Deodorant F,0,5,6,5,6,5,1
418,Deodorant F,0,1,7,5,7,1,1
419,Deodorant F,0,1,6,5,9,4,1
420,Deodorant F,0,5,1,4,8,4,1
421,Deodorant F,0,3,3,4,3,5,1
422,Deodorant F,1,5,5,4,8,4,1
423,Deodorant F,1,2,5,5,10,5,1
424,Deodorant F,0,4,2,4,1,4,1
425,Deodorant F,0,4,2,2,9,4,1
426,Deodorant F,1,5,5,2,9,3,1
427,Deodorant F,0,4,6,2,7,4,1
428,Deodorant F,0,3,1,3,7,5,1
429,Deodorant F,0,1,2,1,8,3,1
430,Deodorant F,0,3,2,3,2,5,1
431,Deodorant F,0,1,5,4,5,5,1
432,Deodorant F,0,5,6,2,8,4,1
433,Deodorant F,1,4,6,4,9,4,1
434,Deodorant F,0,2,6,5,10,4,1
435,Deodorant F,0,5,6,3,1,5,1
436,Deodorant F,1,1,5,3,8,4,1
437,Deodorant F,0,5,2,4,9,5,1
438,Deodorant F,0,5,6,5,7,5,1
439,Deodorant F,1,2,3,2,7,5,1
440,Deodorant F,0,1,6,1,9,4,1
441,Deodorant F,0,1,6,2,8,3,1
442,Deodorant F,1,4,6,1,9,2,1
443,Deodorant F,0,2,6,3,4,4,1
444,Deodorant F,0,4,4,4,9,5,1
445,Deodorant F,0,5,3,5,7,4,1
446,Deodorant F,0,4,5,3,10,4,1
447,Deodorant F,0,4,5,2,8,5,1
448,Deodorant F,0,3,7,4,10,2,1
449,Deodorant F,0,3,7,4,9,4,1
450,Deodorant F,0,1,6,2,6,4,1
451,Deodorant F,1,1,6,1,9,3,1
452,Deodorant F,0,2,6,5,3,4,1
453,Deodorant F,1,1,5,4,6,5,1
454,Deodorant F,0,2,7,5,8,4,1
455,Deodorant F,0,4,1,3,7,5,1
456,Deodorant F,0,1,6,3,9,5,1
457,Deodorant F,0,4,6,3,8,4,1
458,Deodorant F,1,3,5,4,8,4,1
459,Deodorant F,0,5,6,5,7,4,1
460,Deodorant F,0,3,1,4,10,3,1
461,Deodorant F,0,5,6,3,5,3,1
462,Deodorant F,0,5,6,5,8,5,1
463,Deodorant F,0,3,4,2,6,5,1
464,Deodorant F,1,5,5,3,6,1,1
465,Deodorant F,0,1,7,1,6,4,1
466,Deodorant F,0,5,5,4,7,4,1
467,Deodorant F,0,1,5,3,8,2,1
468,Deodorant F,0,1,5,3,7,4,1
469,Deodorant F,0,4,1,2,5,2,1
470,Deodorant F,0,3,5,4,7,5,1
471,Deodorant F,1,4,4,3,7,3,1
472,Deodorant F,0,1,6,4,3,1,1
473,Deodorant F,0,1,5,5,7,3,1
474,Deodorant F,0,4,7,5,10,4,1
475,Deodorant F,0,3,6,3,4,5,1
476,Deodorant F,1,1,4,4,2,4,1
477,Deodorant F,0,1,7,5,7,5,1
478,Deodorant F,0,1,7,2,7,4,1
479,Deodorant F,0,5,5,5,6,1,1
480,Deodorant F,0,5,6,3,8,5,1
481,Deodorant F,0,5,5,2,8,5,1
482,Deodorant F,0,5,5,4,6,4,1
483,Deodorant F,0,2,5,3,10,3,1
484,Deodorant F,0,2,6,3,7,3,1
485,Deodorant F,1,5,5,4,7,5,1
486,Deodorant F,0,5,4,3,6,4,1
487,Deodorant F,0,1,7,4,5,5,1
488,Deodorant F,0,1,7,5,2,5,1
489,Deodorant F,0,4,6,4,9,5,1
490,Deodorant F,0,1,7,1,10,5,1
491,Deodorant F,0,5,1,5,4,5,1
492,Deodorant F,0,1,4,5,8,5,1
493,Deodorant F,1,4,7,4,9,5,1
494,Deodorant F,0,2,5,4,10,3,1
495,Deodorant F,0,2,4,3,3,4,1
496,Deodorant F,0,3,5,4,9,3,1
497,Deodorant F,0,2,1,4,9,1,1
498,Deodorant F,0,5,6,4,7,3,1
499,Deodorant G,1,4,1,4,6,3,1
500,Deodorant G,0,5,7,5,3,4,1
501,Deodorant B,1,1,1,5,7,1,0
502,Deodorant B,0,1,3,3,8,4,0
503,Deodorant B,0,3,2,2,5,2,0
504,Deodorant B,1,1,6,5,8,3,0
505,Deodorant B,1,1,5,5,4,4,0
506,Deodorant B,0,2,6,4,7,5,0
507,Deodorant B,0,3,6,4,4,4,0
508,Deodorant B,0,2,6,5,5,5,0
509,Deodorant B,0,1,7,1,6,5,0
510,Deodorant B,1,3,2,5,7,4,0
511,Deodorant B,0,1,7,2,3,5,0
512,Deodorant B,0,5,2,4,5,5,0
513,Deodorant B,0,3,2,4,1,5,0
514,Deodorant B,1,5,7,2,1,5,0
515,Deodorant B,1,1,5,1,5,4,0
516,Deodorant B,0,4,1,1,9,3,0
517,Deodorant B,0,1,5,4,8,2,0
518,Deodorant B,1,2,4,3,6,5,0
519,Deodorant B,0,2,2,4,5,4,0
520,Deodorant B,0,3,6,5,7,4,0
521,Deodorant B,0,2,4,1,6,5,0
522,Deodorant B,0,5,6,3,7,5,0
523,Deodorant B,1,2,7,3,10,5,0
524,Deodorant B,0,1,5,4,10,5,0
525,Deodorant B,0,4,5,1,9,4,0
526,Deodorant B,1,4,1,1,10,3,0
527,Deodorant B,0,2,5,2,10,4,0
528,Deodorant B,0,2,7,4,10,5,0
529,Deodorant B,0,5,2,4,10,3,0
530,Deodorant B,0,3,5,2,5,4,0
531,Deodorant B,0,5,6,3,9,5,0
532,Deodorant B,0,5,4,4,10,1,0
533,Deodorant B,1,1,1,3,10,5,0
534,Deodorant B,0,5,5,2,10,3,0
535,Deodorant B,1,2,6,5,8,4,0
536,Deodorant B,0,3,7,3,7,4,0
537,Deodorant B,0,1,7,3,9,3,0
538,Deodorant B,1,1,5,4,7,5,0
539,Deodorant B,0,5,5,5,9,2,0
540,Deodorant B,0,1,4,3,10,4,0
541,Deodorant B,0,2,6,5,7,5,0
542,Deodorant B,0,5,6,4,5,3,0
543,Deodorant B,1,3,7,1,3,5,0
544,Deodorant B,0,5,6,3,5,3,0
545,Deodorant B,0,2,5,4,8,5,0
546,Deodorant B,1,1,5,5,8,5,0
547,Deodorant B,1,2,5,4,9,5,0
548,Deodorant B,1,1,5,5,8,4,0
549,Deodorant B,1,3,7,2,8,5,0
550,Deodorant B,0,3,6,5,4,5,0
551,Deodorant B,0,1,4,3,2,3,0
552,Deodorant B,0,2,7,1,5,5,0
553,Deodorant B,0,2,7,1,7,4,0
554,Deodorant B,1,5,1,4,7,5,0
555,Deodorant B,1,2,7,3,6,5,0
556,Deodorant B,0,1,4,4,6,5,0
557,Deodorant B,0,1,4,2,8,4,0
558,Deodorant B,0,5,7,4,6,5,0
559,Deodorant B,0,3,3,2,7,4,0
560,Deodorant B,1,1,5,5,10,2,0
561,Deodorant B,1,1,7,4,5,5,0
562,Deodorant B,0,3,7,3,1,4,0
563,Deodorant B,0,5,5,2,1,5,0
564,Deodorant B,1,5,3,3,2,5,0
565,Deodorant B,0,4,7,3,8,3,0
566,Deodorant B,0,5,6,4,7,5,0
567,Deodorant B,0,4,4,4,1,5,0
568,Deodorant B,0,2,7,3,8,4,0
569,Deodorant B,1,2,7,3,2,3,0
570,Deodorant B,0,2,2,5,7,4,0
571,Deodorant B,0,1,5,1,4,4,0
572,Deodorant B,0,4,6,2,2,1,0
573,Deodorant B,1,3,5,4,9,1,0
574,Deodorant B,0,3,5,2,10,5,0
575,Deodorant B,0,5,6,4,9,5,0
576,Deodorant B,0,1,4,4,8,5,0
577,Deodorant B,0,5,3,4,1,4,0
578,Deodorant B,1,4,5,3,5,4,0
579,Deodorant B,0,4,6,5,7,5,0
580,Deodorant B,1,2,5,4,8,5,0
581,Deodorant B,0,4,7,1,5,3,0
582,Deodorant B,1,5,6,3,5,4,0
583,Deodorant B,0,1,5,3,2,5,0
584,Deodorant B,1,1,6,5,8,4,0
585,Deodorant B,1,4,3,3,8,4,0
586,Deodorant B,1,4,6,5,10,4,0
587,Deodorant B,1,5,6,4,9,5,0
588,Deodorant B,0,4,6,5,7,4,0
589,Deodorant B,0,1,2,1,5,5,0
590,Deodorant B,0,5,6,5,7,4,0
591,Deodorant B,0,1,6,5,7,5,0
592,Deodorant B,0,1,1,2,8,5,0
593,Deodorant B,1,5,7,2,7,3,0
594,Deodorant B,0,1,6,4,2,1,0
595,Deodorant B,0,4,6,2,5,3,0
596,Deodorant B,1,5,5,4,8,3,0
597,Deodorant B,1,4,5,4,10,4,0
598,Deodorant B,0,2,1,3,7,5,0
599,Deodorant B,0,2,5,5,7,5,0
600,Deodorant B,1,5,6,5,8,5,0
601,Deodorant B,0,5,5,3,7,5,0
602,Deodorant B,1,3,6,4,7,3,0
603,Deodorant B,0,1,7,3,8,1,0
604,Deodorant B,1,3,3,5,10,2,0
605,Deodorant B,1,2,2,3,7,5,0
606,Deodorant B,0,1,6,4,4,4,0
607,Deodorant B,0,5,4,3,2,3,0
608,Deodorant B,1,1,1,5,9,5,0
609,Deodorant B,0,1,6,4,3,5,0
610,Deodorant B,0,3,6,3,7,3,0
611,Deodorant B,0,5,5,2,7,5,0
612,Deodorant B,0,2,5,2,8,5,0
613,Deodorant B,1,3,1,3,8,5,0
614,Deodorant B,0,5,5,3,9,3,0
615,Deodorant B,0,4,6,5,6,5,0
616,Deodorant B,0,4,3,4,8,5,0
617,Deodorant B,0,5,1,4,1,4,0
618,Deodorant B,0,4,4,4,10,5,0
619,Deodorant B,0,1,1,4,8,5,0
620,Deodorant B,0,4,6,5,10,5,0
621,Deodorant B,1,4,7,5,6,5,0
622,Deodorant B,0,5,5,5,2,3,0
623,Deodorant B,0,5,5,3,7,4,0
624,Deodorant B,0,1,6,3,1,4,0
625,Deodorant B,0,1,6,3,7,5,0
626,Deodorant B,1,2,1,4,7,3,0
627,Deodorant B,0,1,1,4,10,4,0
628,Deodorant B,1,5,5,3,8,5,0
629,Deodorant B,0,5,7,3,8,5,0
630,Deodorant B,0,2,5,2,7,2,0
631,Deodorant B,1,5,7,5,8,4,0
632,Deodorant B,0,4,5,4,6,5,0
633,Deodorant B,0,1,7,4,1,5,0
634,Deodorant B,1,5,6,3,3,3,0
635,Deodorant B,0,2,5,4,2,2,0
636,Deodorant B,0,2,3,4,9,3,0
637,Deodorant B,0,1,5,4,9,4,0
638,Deodorant B,0,3,6,2,7,5,0
639,Deodorant B,0,1,2,4,8,4,0
640,Deodorant B,1,1,3,4,7,2,0
641,Deodorant B,0,2,5,1,9,2,0
642,Deodorant B,0,5,6,5,6,4,0
643,Deodorant B,0,2,6,4,1,5,0
644,Deodorant B,0,3,6,2,7,3,0
645,Deodorant B,0,1,5,5,8,2,0
646,Deodorant B,1,2,2,4,7,3,0
647,Deodorant B,1,2,5,5,6,5,0
648,Deodorant B,0,3,5,5,6,5,0
649,Deodorant B,0,4,5,2,8,5,0
650,Deodorant B,0,5,6,4,10,5,0
651,Deodorant B,1,2,6,3,3,3,0
652,Deodorant B,0,2,6,4,5,5,0
653,Deodorant B,0,2,6,2,6,5,0
654,Deodorant B,1,2,4,5,7,5,0
655,Deodorant B,0,3,6,4,3,4,0
656,Deodorant B,0,1,5,5,2,5,0
657,Deodorant B,0,5,3,1,10,3,0
658,Deodorant B,0,5,5,3,5,3,0
659,Deodorant B,0,4,1,3,3,3,0
660,Deodorant B,0,3,5,1,10,3,0
661,Deodorant B,0,3,7,5,7,4,0
662,Deodorant B,1,1,6,3,9,5,0
663,Deodorant B,0,2,5,3,7,4,0
664,Deodorant B,0,3,6,4,9,5,0
665,Deodorant B,0,5,7,4,9,3,0
666,Deodorant B,0,2,5,2,7,3,0
667,Deodorant B,0,5,6,5,1,4,0
668,Deodorant B,0,2,4,4,8,3,0
669,Deodorant B,0,4,1,4,7,5,0
670,Deodorant B,0,1,5,1,8,4,0
671,Deodorant B,0,3,5,3,8,4,0
672,Deodorant B,0,4,5,5,8,5,0
673,Deodorant B,0,4,7,2,8,3,0
674,Deodorant B,0,4,5,4,9,5,0
675,Deodorant B,0,3,3,3,9,5,0
676,Deodorant B,0,5,3,3,8,4,0
677,Deodorant B,0,1,6,5,7,5,0
678,Deodorant B,0,5,4,4,7,5,0
679,Deodorant B,0,5,5,4,5,5,0
680,Deodorant B,0,4,6,4,6,4,0
681,Deodorant B,0,3,1,4,8,4,0
682,Deodorant B,1,2,1,3,9,2,0
683,Deodorant B,0,2,4,3,8,3,0
684,Deodorant B,1,3,5,3,2,4,0
685,Deodorant B,0,3,7,4,5,4,0
686,Deodorant B,0,2,6,3,8,5,0
687,Deodorant B,0,2,3,4,10,4,0
688,Deodorant B,0,3,6,1,7,2,0
689,Deodorant B,0,5,5,1,8,5,0
690,Deodorant B,0,3,6,5,7,1,0
691,Deodorant B,0,2,7,5,4,2,0
692,Deodorant B,0,1,1,4,7,1,0
693,Deodorant B,1,3,5,1,8,4,0
694,Deodorant B,0,1,5,5,7,5,0
695,Deodorant B,0,4,6,5,1,5,0
696,Deodorant B,0,2,5,3,6,3,0
697,Deodorant B,1,5,4,5,9,4,0
698,Deodorant B,0,1,2,2,5,4,0
699,Deodorant B,0,1,6,2,9,3,0
700,Deodorant B,0,5,4,4,9,5,0
701,Deodorant B,0,1,6,4,3,3,0
702,Deodorant B,0,3,7,5,8,5,0
703,Deodorant B,0,1,6,2,6,1,0
704,Deodorant B,0,1,2,4,10,3,0
705,Deodorant B,0,4,6,3,8,3,0
706,Deodorant B,0,1,2,4,9,3,0
707,Deodorant B,0,3,3,3,9,2,0
708,Deodorant B,0,4,2,5,6,4,0
709,Deodorant B,0,2,5,5,6,4,0
710,Deodorant B,1,1,6,1,9,4,0
711,Deodorant B,1,4,5,4,3,5,0
712,Deodorant B,0,2,4,4,9,3,0
713,Deodorant B,1,3,4,5,8,3,0
714,Deodorant B,1,3,7,4,7,4,0
715,Deodorant B,1,1,2,5,8,4,0
716,Deodorant B,0,1,5,4,8,5,0
717,Deodorant B,0,2,1,3,9,5,0
718,Deodorant B,1,1,7,3,8,5,0
719,Deodorant B,0,4,1,3,5,4,0
720,Deodorant B,0,5,6,5,2,5,0
721,Deodorant B,0,5,7,4,3,3,0
722,Deodorant B,0,1,7,5,10,3,0
723,Deodorant B,0,5,7,4,6,3,0
724,Deodorant B,0,2,2,5,9,2,0
725,Deodorant B,0,3,5,3,7,4,0
726,Deodorant B,0,2,4,1,6,4,0
727,Deodorant B,1,4,5,5,3,4,0
728,Deodorant B,1,3,2,2,8,4,0
729,Deodorant B,0,5,6,3,2,5,0
730,Deodorant B,0,1,4,5,10,4,0
731,Deodorant B,0,4,6,4,8,3,0
732,Deodorant B,0,4,4,4,9,4,0
733,Deodorant B,0,1,5,5,7,3,0
734,Deodorant B,0,5,7,1,7,5,0
735,Deodorant B,0,3,2,5,8,5,0
736,Deodorant B,0,4,5,1,2,4,0
737,Deodorant B,0,4,7,3,8,4,0
738,Deodorant B,1,1,7,5,7,4,0
739,Deodorant B,1,1,2,3,3,4,0
740,Deodorant B,0,1,3,5,1,4,0
741,Deodorant B,0,4,3,5,8,4,0
742,Deodorant B,1,1,7,4,4,4,0
743,Deodorant B,0,2,5,5,4,4,0
744,Deodorant B,0,5,6,2,7,3,0
745,Deodorant B,0,1,4,4,8,3,0
746,Deodorant B,0,1,7,2,7,2,0
747,Deodorant B,1,5,6,4,2,4,0
748,Deodorant B,0,2,3,1,9,1,0
749,Deodorant B,0,3,4,3,7,5,0
750,Deodorant B,0,2,1,5,7,1,0
751,Deodorant B,0,4,6,3,7,4,0
752,Deodorant B,1,1,4,2,3,5,0
753,Deodorant B,0,1,6,1,4,1,0
754,Deodorant B,0,1,5,5,5,5,0
755,Deodorant B,0,4,6,5,3,3,0
756,Deodorant B,0,2,6,2,4,5,0
757,Deodorant B,0,5,5,2,7,5,0
758,Deodorant B,0,3,6,4,8,4,0
759,Deodorant B,1,5,5,3,10,4,0
760,Deodorant B,0,3,6,3,7,4,0
761,Deodorant B,0,3,3,4,1,4,0
762,Deodorant B,0,1,5,1,10,4,0
763,Deodorant B,1,2,5,4,10,4,0
764,Deodorant B,0,1,2,4,5,5,0
765,Deodorant B,1,2,6,3,8,5,0
766,Deodorant B,0,1,6,5,10,4,0
767,Deodorant B,0,1,2,3,5,1,0
768,Deodorant B,0,2,6,3,8,1,0
769,Deodorant B,0,3,5,5,5,5,0
770,Deodorant B,0,3,5,4,10,5,0
771,Deodorant B,1,4,6,4,8,5,0
772,Deodorant B,1,1,4,3,7,4,0
773,Deodorant B,0,5,1,2,9,4,0
774,Deodorant B,1,3,5,3,7,5,0
775,Deodorant B,0,5,4,1,7,2,0
776,Deodorant B,0,1,5,3,10,5,0
777,Deodorant B,0,3,6,5,10,4,0
778,Deodorant B,1,4,6,1,8,4,0
779,Deodorant B,0,2,6,4,5,3,0
780,Deodorant B,0,4,6,3,2,3,0
781,Deodorant B,0,2,6,3,7,4,0
782,Deodorant B,1,1,6,5,1,4,0
783,Deodorant B,1,1,7,2,7,5,0
784,Deodorant B,0,3,5,5,7,5,0
785,Deodorant B,0,4,7,2,8,3,0
786,Deodorant B,0,3,5,4,2,5,0
787,Deodorant B,0,2,4,4,8,3,0
788,Deodorant B,1,5,7,1,10,5,0
789,Deodorant B,0,3,5,1,9,4,0
790,Deodorant B,1,5,6,1,1,5,0
791,Deodorant B,0,4,6,2,8,5,0
792,Deodorant B,0,1,5,3,5,4,0
793,Deodorant B,0,4,7,4,7,5,0
794,Deodorant B,0,1,5,2,6,5,0
795,Deodorant B,0,1,5,4,10,5,0
796,Deodorant B,0,5,5,5,7,4,0
797,Deodorant B,0,1,5,1,8,5,0
798,Deodorant B,0,1,6,4,7,3,0
799,Deodorant B,0,3,5,5,4,5,0
800,Deodorant B,0,4,6,4,8,3,0
801,Deodorant B,0,1,7,3,7,3,0
802,Deodorant B,0,1,6,5,3,4,0
803,Deodorant B,0,3,6,3,9,2,0
804,Deodorant B,0,3,6,4,7,5,0
805,Deodorant B,0,5,5,5,2,4,0
806,Deodorant B,0,3,6,1,6,5,0
807,Deodorant B,0,3,7,5,9,4,0
808,Deodorant B,0,2,5,5,8,5,0
809,Deodorant B,0,4,5,4,10,5,0
810,Deodorant B,1,1,1,5,5,3,0
811,Deodorant B,0,2,6,5,5,5,0
812,Deodorant B,0,1,6,5,5,5,0
813,Deodorant B,0,1,7,1,3,2,0
814,Deodorant B,0,1,5,4,7,4,0
815,Deodorant B,0,4,7,4,7,5,0
816,Deodorant B,1,2,2,4,6,4,0
817,Deodorant B,0,2,6,3,9,3,0
818,Deodorant B,0,2,5,1,5,5,0
819,Deodorant B,0,4,6,5,5,3,0
820,Deodorant B,1,4,6,3,2,4,0
821,Deodorant B,0,1,6,2,9,1,0
822,Deodorant B,1,2,7,4,7,3,0
823,Deodorant B,0,2,6,4,2,4,0
824,Deodorant B,1,1,6,5,10,3,0
825,Deodorant B,0,3,6,4,7,4,0
826,Deodorant B,1,1,5,4,4,4,0
827,Deodorant B,0,4,4,5,9,5,0
828,Deodorant B,1,1,1,5,7,4,0
829,Deodorant B,0,4,6,3,9,4,0
830,Deodorant B,0,2,6,5,5,4,0
831,Deodorant B,0,1,6,5,1,5,0
832,Deodorant B,0,1,6,3,7,4,0
833,Deodorant B,0,4,6,3,8,5,0
834,Deodorant B,1,4,4,3,4,4,0
835,Deodorant B,0,4,4,3,8,3,0
836,Deodorant B,0,2,5,4,10,4,0
837,Deodorant B,0,4,7,5,9,3,0
838,Deodorant B,0,1,6,2,1,5,0
839,Deodorant B,0,5,6,5,9,5,0
840,Deodorant B,0,2,7,1,7,4,0
841,Deodorant B,0,3,5,2,10,3,0
842,Deodorant B,0,5,7,3,5,3,0
843,Deodorant B,0,2,5,2,5,5,0
844,Deodorant B,0,2,7,1,7,3,0
845,Deodorant B,0,5,6,3,2,5,0
846,Deodorant B,0,5,5,5,7,5,0
847,Deodorant B,0,4,2,4,6,4,0
848,Deodorant B,1,3,6,3,10,4,0
849,Deodorant B,0,1,7,4,1,4,0
850,Deodorant B,0,5,5,2,7,3,0
851,Deodorant B,0,3,5,5,4,4,0
852,Deodorant B,1,2,7,3,8,2,0
853,Deodorant B,0,2,5,3,6,5,0
854,Deodorant B,1,3,4,4,6,5,0
855,Deodorant B,1,1,5,3,8,3,0
856,Deodorant B,0,1,6,4,7,5,0
857,Deodorant B,0,1,1,3,8,4,0
858,Deodorant B,0,2,7,5,9,3,0
859,Deodorant B,0,1,6,5,8,3,0
860,Deodorant B,0,4,4,4,1,5,0
861,Deodorant B,0,5,3,4,9,2,0
862,Deodorant B,0,5,7,1,10,4,0
863,Deodorant B,1,2,3,1,10,5,0
864,Deodorant B,0,3,5,4,8,3,0
865,Deodorant B,0,3,4,1,7,1,0
866,Deodorant B,0,3,7,1,5,4,0
867,Deodorant B,0,3,6,2,3,5,0
868,Deodorant B,0,1,6,5,8,3,0
869,Deodorant B,0,5,6,5,7,3,0
870,Deodorant B,0,3,7,2,8,5,0
871,Deodorant B,1,2,7,4,7,5,0
872,Deodorant B,1,2,2,5,9,5,0
873,Deodorant B,0,5,4,1,8,3,0
874,Deodorant B,0,3,6,1,1,4,0
875,Deodorant B,0,2,4,2,3,4,0
876,Deodorant B,1,4,1,1,5,5,0
877,Deodorant B,0,4,1,4,1,4,0
878,Deodorant B,0,1,6,3,10,5,0
879,Deodorant B,0,1,5,2,3,5,0
880,Deodorant B,0,4,5,3,2,3,0
881,Deodorant B,0,1,5,1,7,5,0
882,Deodorant B,0,2,7,3,9,5,0
883,Deodorant B,0,5,5,3,5,4,0
884,Deodorant B,0,1,6,1,9,1,0
885,Deodorant B,0,3,6,5,8,5,0
886,Deodorant B,1,1,7,2,7,5,0
887,Deodorant B,0,1,6,5,2,5,0
888,Deodorant B,0,5,1,4,9,4,0
889,Deodorant B,0,4,7,4,10,5,0
890,Deodorant B,0,1,4,1,9,2,0
891,Deodorant B,1,4,1,2,9,5,0
892,Deodorant B,0,4,1,2,7,4,0
893,Deodorant B,1,3,6,2,4,3,0
894,Deodorant B,1,4,5,4,5,3,0
895,Deodorant B,0,3,6,4,2,5,0
896,Deodorant B,0,5,6,4,5,5,0
897,Deodorant B,0,1,5,5,6,4,0
898,Deodorant B,0,1,2,3,3,4,0
899,Deodorant B,0,1,6,4,7,5,0
900,Deodorant B,0,5,4,3,6,3,0
901,Deodorant B,0,3,6,2,5,3,0
902,Deodorant B,1,2,7,1,5,4,0
903,Deodorant B,0,3,5,3,6,1,0
904,Deodorant B,0,4,5,5,9,5,0
905,Deodorant B,1,2,5,4,8,4,0
906,Deodorant B,1,1,6,4,5,5,0
907,Deodorant B,0,1,7,4,5,3,0
908,Deodorant B,0,1,5,3,10,5,0
909,Deodorant B,0,4,3,4,8,2,0
910,Deodorant B,0,1,6,2,9,5,0
911,Deodorant B,0,1,5,5,8,5,0
912,Deodorant B,1,5,7,4,5,2,0
913,Deodorant B,1,4,7,4,8,4,0
914,Deodorant B,1,1,7,2,8,4,0
915,Deodorant B,1,5,5,3,10,5,0
916,Deodorant B,0,2,5,3,10,5,0
917,Deodorant B,0,4,6,4,1,4,0
918,Deodorant B,0,1,7,3,8,1,0
919,Deodorant B,0,2,6,4,9,2,0
920,Deodorant B,1,3,7,5,6,1,0
921,Deodorant B,0,5,7,4,7,3,0
922,Deodorant B,1,4,3,5,6,3,0
923,Deodorant B,0,2,5,2,8,2,0
924,Deodorant B,0,5,3,3,8,3,0
925,Deodorant B,0,4,7,5,9,5,0
926,Deodorant B,0,1,2,1,5,5,0
927,Deodorant B,1,2,6,1,9,5,0
928,Deodorant B,0,2,5,4,7,5,0
929,Deodorant B,1,2,4,5,8,5,0
930,Deodorant B,1,4,4,5,7,2,0
931,Deodorant B,0,2,6,4,7,4,0
932,Deodorant B,0,1,6,3,7,5,0
933,Deodorant B,0,5,4,2,8,4,0
934,Deodorant B,0,1,5,5,10,4,0
935,Deodorant B,1,4,5,4,9,5,0
936,Deodorant B,0,2,4,5,9,4,0
937,Deodorant B,0,2,2,4,2,5,0
938,Deodorant B,0,2,6,5,3,3,0
939,Deodorant B,0,4,6,3,7,5,0
940,Deodorant B,0,5,2,3,10,5,0
941,Deodorant B,0,3,6,2,3,5,0
942,Deodorant B,1,3,4,3,7,5,0
943,Deodorant B,0,2,2,5,8,4,0
944,Deodorant B,1,2,6,4,8,5,0
945,Deodorant B,1,3,7,4,10,1,0
946,Deodorant B,0,4,7,3,10,3,0
947,Deodorant B,0,1,7,4,10,5,0
948,Deodorant B,0,5,7,5,10,4,0
949,Deodorant B,0,1,6,3,8,5,0
950,Deodorant B,0,1,6,3,10,5,0
951,Deodorant B,0,1,5,5,10,5,0
952,Deodorant B,0,2,6,5,6,5,0
953,Deodorant B,1,5,5,4,9,2,0
954,Deodorant B,0,2,6,2,9,2,0
955,Deodorant B,0,1,6,5,8,1,0
956,Deodorant B,0,4,3,4,8,5,0
957,Deodorant B,0,1,6,4,6,5,0
958,Deodorant B,1,1,7,1,8,5,0
959,Deodorant B,1,3,7,4,5,5,0
960,Deodorant B,0,5,6,4,7,3,0
961,Deodorant B,0,3,7,5,8,4,0
962,Deodorant B,0,4,1,5,7,5,0
963,Deodorant B,0,5,4,5,8,4,0
964,Deodorant B,1,1,4,5,10,3,0
965,Deodorant B,0,4,4,3,3,5,0
966,Deodorant B,0,1,4,4,7,5,0
967,Deodorant B,0,2,2,4,8,3,0
968,Deodorant B,1,1,7,5,9,4,0
969,Deodorant B,1,2,6,5,3,5,0
970,Deodorant B,0,1,3,3,7,4,0
971,Deodorant B,0,1,6,4,8,4,0
972,Deodorant B,0,2,7,4,8,4,0
973,Deodorant B,0,2,7,4,7,5,0
974,Deodorant B,0,4,2,4,7,4,0
975,Deodorant B,0,2,1,4,8,2,0
976,Deodorant B,0,2,4,2,8,4,0
977,Deodorant B,1,1,6,5,4,2,0
978,Deodorant B,0,3,6,5,8,5,0
979,Deodorant B,0,5,1,2,7,3,0
980,Deodorant B,0,2,5,3,10,4,0
981,Deodorant B,0,5,5,5,6,3,0
982,Deodorant B,0,5,7,5,9,4,0
983,Deodorant B,0,3,7,5,4,4,0
984,Deodorant B,1,1,6,5,3,5,0
985,Deodorant B,0,1,4,3,3,3,0
986,Deodorant B,0,4,4,4,4,5,0
987,Deodorant B,0,5,6,1,7,3,0
988,Deodorant B,0,2,7,4,7,4,0
989,Deodorant B,0,2,7,2,8,4,0
990,Deodorant B,0,1,2,4,10,3,0
991,Deodorant B,1,4,7,2,9,1,0
992,Deodorant B,0,5,3,1,2,5,0
993,Deodorant B,1,2,2,4,8,3,0
994,Deodorant B,1,3,6,3,6,5,0
995,Deodorant B,0,3,6,5,5,3,0
996,Deodorant B,1,4,1,4,10,5,0
997,Deodorant B,0,5,5,5,8,4,0
998,Deodorant B,0,2,6,5,10,4,0
999,Deodorant B,0,5,7,5,7,3,0
1000,Deodorant B,0,5,4,3,10,5,0
1001,Deodorant F,1,1,7,3,1,3,0
1002,Deodorant F,0,1,7,3,8,4,0
